<?xml version='1.0'?> 
<?xml-stylesheet type='text/xsl' href='rfc2629.xslt' ?>
<?rfc compact="yes"?>
<?rfc symrefs="yes"?>
<?rfc iprnotified="yes"?>
<rfc number="3223" category="info">
  <front>
    <title abbrev="default RFC IPR example">Default RFC IPR (w. iprnotified PI set to yes) as of January 2002</title>
    <author fullname="John Doe" initials="J." surname="Doe"/>
    <date year="2002" month="January"/>
    <abstract>
      <t>
				 This is a test case document, it is not RFC 3223 (which was never
				 issued by the RFC-Editor).
      </t>
    </abstract>
  </front>
  <middle>
    <section title="Dummy Section">
      <t>
        Dummy Section.
      </t>
    </section>
  </middle>
</rfc>
